{
      "@cPenCoreTeam": 27.16367395421846,
      "@Somnia_Network": 5.230922597985561,
      "@ton_blockchain": 3.8634815144530448,
      "@ice_blockchain": 3.4840966418069623,
      "@solana": 2.7506118854799104,
      "@SuiNetwork": 2.2274544033319454,
      "@Hela_Network": 2.1501463586197684,
      "@TalusNetwork": 2.096207264192183,
      "@0xSonicLabs": 1.683211281795257,
      "@zksync": 1.6561915867815487,
      "@VenomFoundation": 1.5575397623491531,
      "@qiibeefdn": 1.5506618103335832,
      "@SolanaStatus": 1.4309606734578852,
      "@Thor__network": 1.4307442222612603,
      "@Mint_Blockchain": 1.3376278388635547,
      "@ethereum": 1.2576743466582252,
      "@camino_network": 1.2449579521422085,
      "@RiotPlatforms": 1.2348176742754846,
      "@Cardano_CF": 1.1626360337239845,
      "@Cardano": 1.0302277162352664,
      "@XDC_Network_": 1.0231028014098698,
      "@blockchain": 1.018421232402061,
      "@Venom_network_": 1.0169415702093625,
      "@megaeth_labs": 0.9958618216766529,
      "@blockdagnetwork": 0.8973506980744432,
      "@Aptos": 0.8825603446224479,
      "@RogueBlockchain": 0.8544387574389013,
      "@BCBacker": 0.854302890131599,
      "@Atleta_Network": 0.8451663235011432,
      "@u2u_xyz": 0.7879786485531041,
      "@WuBlockchain": 0.7787591567956789,
      "@TheRootNetwork": 0.7284171096789268,
      "@Blockchain_Ep": 0.6950472229294857,
      "@CoinXofficial_": 0.6850430389414494,
      "@saakuru_labs": 0.6706212416093177,
      "@Artela_Network": 0.6028106162203645,
      "@AlgoFoundation": 0.5977436492863949,
      "@RaylsLabs": 0.55124198714814,
      "@TheChainMedia": 0.49712178666001516,
      "@ArtOnBlockchain": 0.4967781533925193,
      "@partisiampc": 0.48558129763298974,
      "@Chiliz": 0.4445712727282933,
      "@ShibariumNet": 0.43455810140864537,
      "@SundaeSwap": 0.4068469105274222,
      "@Dot_Blockchain": 0.401350062152005,
      "@Flops__Network": 0.39679748778614843,
      "@DuskFoundation": 0.38559020974290126,
      "@Edu3Labs": 0.37748741281914494,
      "@BoringSleuth": 0.3570156308366205,
      "@GaryBrackett58": 0.3267914611987697,
      "@Neo_Blockchain": 0.321059054106579,
      "@EagleNetworkApp": 0.3209023422318419,
      "@Casper_Network": 0.3201355491406584,
      "@mstor168": 0.31292627423618624,
      "@BLOVE_NETWRK": 0.3086285926786369,
      "@SwftCoin": 0.3078591562546265,
      "@Web3Career": 0.29921606210105367,
      "@AttariusN": 0.2884870762518837,
      "@Ronin_Network": 0.28803989986136885,
      "@QuaiNetwork": 0.28525752772778346,
      "@LegionNetwork__": 0.27713932394983615,
      "@SkaleNetwork": 0.26635233582606466,
      "@BlockchainAssn": 0.2470339532416053,
      "@RentaNetwork": 0.23997028821399732,
      "@flow_blockchain": 0.23826722663552904,
      "@chia_project": 0.2349313406079927,
      "@PundiXLabs": 0.23197881336415063,
      "@Glacier_Labs": 0.2311010002942377,
      "@XDCFoundation": 0.22941032461815825,
      "@SkeyNetwork": 0.2235519438358175,
      "@Network_Cosmic_": 0.22347574032660797,
      "@CelerNetwork": 0.2207993280774834,
      "@Dvision_network": 0.21857960821705055,
      "@GXChainGlobal": 0.21380031141844166,
      "@OKCNetwork": 0.21340230101850693,
      "@VelasBlockchain": 0.1862233263210295,
      "@cellframenet": 0.1860654815893666,
      "@HathorNetwork": 0.18361496101124863,
      "@oasys_games": 0.1826932686164093,
      "@TheLTONetwork": 0.1807402232763122,
      "@XPRNetwork": 0.17160244826513552,
      "@labsgroupio": 0.1715040407601801,
      "@Weaver_Labs": 0.1670139245728331,
      "@bl_ockchain": 0.16649771943363884,
      "@PeacenetworkPC": 0.16315261950310594,
      "@AskBlockchain": 0.1590045505835586,
      "@blockecologist": 0.15756544466880415,
      "@tla_blockchain": 0.15721539187872877,
      "@CTXCBlockchain": 0.15630072319682944,
      "@LoopNetwork3": 0.1531615011316138,
      "@Crypto77qi": 0.15158109019631327,
      "@blockchain_goat": 0.14821053874684714,
      "@u9_BlockChain": 0.14800692659538148,
      "@TheCoffeeBlock": 0.1464949402183999,
      "@OntologyNetwork": 0.1464553657497916,
      "@Conflux_Network": 0.14328684045209497,
      "@NEAR_Blockchain": 0.14121930103869598,
      "@vitelabs": 0.13864892419782726,
      "@xBlockchainBabe": 0.13645140833314026,
      "@WayruNetwork": 0.1327900147489211
}
